country,code,gender,year,mean
Albania,al,1,2025,5.8
Albania,al,2,2025,48.3
Albania,al,1,2020,6.6
Albania,al,2,2020,49.5
Albania,al,1,2015,7.6
Albania,al,2,2015,51.2
Albania,al,1,2012,8.2
Albania,al,2,2012,52.1
Albania,al,1,2010,8.7
Albania,al,2,2010,53.1
Albania,al,1,2005,10.1
Albania,al,2,2005,54.7
Albania,al,1,2000,11.6
Albania,al,2,2000,56.9
Andorra,ad,1,2025,26.1
Andorra,ad,2,2025,34.3
Andorra,ad,1,2020,26.8
Andorra,ad,2,2020,35.6
Andorra,ad,1,2015,27.8
Andorra,ad,2,2015,37.2
Andorra,ad,1,2012,28.4
Andorra,ad,2,2012,38.5
Andorra,ad,1,2010,28.8
Andorra,ad,2,2010,39.2
Andorra,ad,1,2005,30.2
Andorra,ad,2,2005,41.3
Andorra,ad,1,2000,31.6
Andorra,ad,2,2000,43.6
Argentina,ar,1,2025,12.4
Argentina,ar,2,2025,23
Argentina,ar,1,2020,15
Argentina,ar,2,2020,26
Argentina,ar,1,2015,18.4
Argentina,ar,2,2015,29.5
Argentina,ar,1,2012,20.8
Argentina,ar,2,2012,31.8
Argentina,ar,1,2010,22.4
Argentina,ar,2,2010,33.4
Argentina,ar,1,2005,27.7
Argentina,ar,2,2005,38.2
Argentina,ar,1,2000,34
Argentina,ar,2,2000,43.7
Armenia,am,1,2025,1.1
Armenia,am,2,2025,44.6
Armenia,am,1,2020,1.3
Armenia,am,2,2020,48.4
Armenia,am,1,2015,1.5
Armenia,am,2,2015,52.3
Armenia,am,1,2012,1.7
Armenia,am,2,2012,54.8
Armenia,am,1,2010,1.8
Armenia,am,2,2010,56.7
Armenia,am,1,2005,2.2
Armenia,am,2,2005,61.5
Armenia,am,1,2000,2.6
Armenia,am,2,2000,67.1
Australia,au,1,2025,9.2
Australia,au,2,2025,12.3
Australia,au,1,2020,11
Australia,au,2,2020,14.3
Australia,au,1,2015,13.1
Australia,au,2,2015,16.7
Australia,au,1,2012,14.7
Australia,au,2,2012,18.4
Australia,au,1,2010,15.8
Australia,au,2,2010,19.6
Australia,au,1,2005,19.1
Australia,au,2,2005,23
Australia,au,1,2000,22.8
Australia,au,2,2000,27.1
Austria,at,1,2025,31.9
Austria,at,2,2025,30
Austria,at,1,2020,33.3
Austria,at,2,2020,32.7
Austria,at,1,2015,34.8
Austria,at,2,2015,35.5
Austria,at,1,2012,35.9
Austria,at,2,2012,37.4
Austria,at,1,2010,36.7
Austria,at,2,2010,38.8
Austria,at,1,2005,38.4
Austria,at,2,2005,42.3
Austria,at,1,2000,40.5
Austria,at,2,2000,46.4
Azerbaijan,az,1,2025,0.3
Azerbaijan,az,2,2025,40.6
Azerbaijan,az,1,2020,0.4
Azerbaijan,az,2,2020,43.3
Azerbaijan,az,1,2015,0.4
Azerbaijan,az,2,2015,46.5
Azerbaijan,az,1,2012,0.4
Azerbaijan,az,2,2012,48.6
Azerbaijan,az,1,2010,0.5
Azerbaijan,az,2,2010,49.9
Azerbaijan,az,1,2005,0.5
Azerbaijan,az,2,2005,54.1
Azerbaijan,az,1,2000,0.6
Azerbaijan,az,2,2000,58.6
Bahrain,bh,1,2025,10.8
Bahrain,bh,2,2025,86.1
Bahrain,bh,1,2020,9
Bahrain,bh,2,2020,67.5
Bahrain,bh,1,2015,7.6
Bahrain,bh,2,2015,48.8
Bahrain,bh,1,2012,6.9
Bahrain,bh,2,2012,40.1
Bahrain,bh,1,2010,6.5
Bahrain,bh,2,2010,34.8
Bahrain,bh,1,2005,5.6
Bahrain,bh,2,2005,25
Bahrain,bh,1,2000,4.8
Bahrain,bh,2,2000,18.2
Bangladesh,bd,1,2025,0.2
Bangladesh,bd,2,2025,29.5
Bangladesh,bd,1,2020,0.3
Bangladesh,bd,2,2020,34.3
Bangladesh,bd,1,2015,0.7
Bangladesh,bd,2,2015,39.8
Bangladesh,bd,1,2012,1.1
Bangladesh,bd,2,2012,43.7
Bangladesh,bd,1,2010,1.4
Bangladesh,bd,2,2010,46.6
Bangladesh,bd,1,2005,3
Bangladesh,bd,2,2005,54.2
Bangladesh,bd,1,2000,6.3
Bangladesh,bd,2,2000,63.7
Barbados,bb,1,2025,0.7
Barbados,bb,2,2025,13.2
Barbados,bb,1,2020,0.8
Barbados,bb,2,2020,13
Barbados,bb,1,2015,0.9
Barbados,bb,2,2015,13.1
Barbados,bb,1,2012,1.1
Barbados,bb,2,2012,13.2
Barbados,bb,1,2010,1.2
Barbados,bb,2,2010,13.2
Barbados,bb,1,2005,1.4
Barbados,bb,2,2005,13.5
Barbados,bb,1,2000,1.8
Barbados,bb,2,2000,13.8
Belarus,by,1,2025,9.2
Belarus,by,2,2025,37.6
Belarus,by,1,2020,9.8
Belarus,by,2,2020,41.7
Belarus,by,1,2015,10.6
Belarus,by,2,2015,46.2
Belarus,by,1,2012,11
Belarus,by,2,2012,49.4
Belarus,by,1,2010,11.4
Belarus,by,2,2010,51.3
Belarus,by,1,2005,12.3
Belarus,by,2,2005,57.6
Belarus,by,1,2000,13.4
Belarus,by,2,2000,64.1
Belgium,be,1,2025,17.8
Belgium,be,2,2025,22.2
Belgium,be,1,2020,18.9
Belgium,be,2,2020,24.2
Belgium,be,1,2015,20
Belgium,be,2,2015,26.5
Belgium,be,1,2012,20.9
Belgium,be,2,2012,28
Belgium,be,1,2010,21.3
Belgium,be,2,2010,29.1
Belgium,be,1,2005,22.7
Belgium,be,2,2005,32.1
Belgium,be,1,2000,24.3
Belgium,be,2,2000,35.6
Benin,bj,1,2025,0.7
Benin,bj,2,2025,23.1
Benin,bj,1,2020,0.8
Benin,bj,2,2020,20.2
Benin,bj,1,2015,1
Benin,bj,2,2015,17.7
Benin,bj,1,2012,1.1
Benin,bj,2,2012,16.4
Benin,bj,1,2010,1.1
Benin,bj,2,2010,15.6
Benin,bj,1,2005,1.3
Benin,bj,2,2005,13.8
Benin,bj,1,2000,1.6
Benin,bj,2,2000,12.4
Bolivia (Plurinational State of),bo,1,2025,13.2
Bolivia (Plurinational State of),bo,2,2025,22.4
Bolivia (Plurinational State of),bo,1,2020,15
Bolivia (Plurinational State of),bo,2,2020,26
Bolivia (Plurinational State of),bo,1,2015,17.1
Bolivia (Plurinational State of),bo,2,2015,30.5
Bolivia (Plurinational State of),bo,1,2012,18.6
Bolivia (Plurinational State of),bo,2,2012,33.6
Bolivia (Plurinational State of),bo,1,2010,19.7
Bolivia (Plurinational State of),bo,2,2010,35.8
Bolivia (Plurinational State of),bo,1,2005,22.8
Bolivia (Plurinational State of),bo,2,2005,42.8
Bolivia (Plurinational State of),bo,1,2000,26.4
Bolivia (Plurinational State of),bo,2,2000,50.9
Bosnia and Herzegovina,ba,1,2025,27.3
Bosnia and Herzegovina,ba,2,2025,42.2
Bosnia and Herzegovina,ba,1,2020,28.6
Bosnia and Herzegovina,ba,2,2020,44.4
Bosnia and Herzegovina,ba,1,2015,30
Bosnia and Herzegovina,ba,2,2015,47.2
Bosnia and Herzegovina,ba,1,2012,31.2
Bosnia and Herzegovina,ba,2,2012,49
Bosnia and Herzegovina,ba,1,2010,31.7
Bosnia and Herzegovina,ba,2,2010,50
Bosnia and Herzegovina,ba,1,2005,33.6
Bosnia and Herzegovina,ba,2,2005,53.8
Bosnia and Herzegovina,ba,1,2000,35.9
Bosnia and Herzegovina,ba,2,2000,57.7
Brazil,br,1,2025,8.4
Brazil,br,2,2025,14.9
Brazil,br,1,2020,9.7
Brazil,br,2,2020,16.9
Brazil,br,1,2015,11.3
Brazil,br,2,2015,19.3
Brazil,br,1,2012,12.4
Brazil,br,2,2012,21
Brazil,br,1,2010,13.3
Brazil,br,2,2010,22.2
Brazil,br,1,2005,15.6
Brazil,br,2,2005,25.4
Brazil,br,1,2000,18.5
Brazil,br,2,2000,29.4
Brunei Darussalam,bn,1,2025,2.4
Brunei Darussalam,bn,2,2025,30.3
Brunei Darussalam,bn,1,2020,2.7
Brunei Darussalam,bn,2,2020,29.8
Brunei Darussalam,bn,1,2015,3.1
Brunei Darussalam,bn,2,2015,29.3
Brunei Darussalam,bn,1,2012,3.4
Brunei Darussalam,bn,2,2012,29.2
Brunei Darussalam,bn,1,2010,3.6
Brunei Darussalam,bn,2,2010,29.1
Brunei Darussalam,bn,1,2005,4.3
Brunei Darussalam,bn,2,2005,29.2
Brunei Darussalam,bn,1,2000,5.1
Brunei Darussalam,bn,2,2000,29.5
Bulgaria,bg,1,2025,22.1
Bulgaria,bg,2,2025,34.7
Bulgaria,bg,1,2020,24.9
Bulgaria,bg,2,2020,38.4
Bulgaria,bg,1,2015,28.2
Bulgaria,bg,2,2015,42.4
Bulgaria,bg,1,2012,30.4
Bulgaria,bg,2,2012,45.2
Bulgaria,bg,1,2010,32
Bulgaria,bg,2,2010,47.1
Bulgaria,bg,1,2005,36.4
Bulgaria,bg,2,2005,52.7
Bulgaria,bg,1,2000,42
Bulgaria,bg,2,2000,58.8
Burkina Faso,bf,1,2025,3
Burkina Faso,bf,2,2025,48.9
Burkina Faso,bf,1,2020,3.6
Burkina Faso,bf,2,2020,41.8
Burkina Faso,bf,1,2015,4.5
Burkina Faso,bf,2,2015,36
Burkina Faso,bf,1,2012,5.1
Burkina Faso,bf,2,2012,33.1
Burkina Faso,bf,1,2010,5.5
Burkina Faso,bf,2,2010,31.1
Burkina Faso,bf,1,2005,6.9
Burkina Faso,bf,2,2005,27
Burkina Faso,bf,1,2000,8.6
Burkina Faso,bf,2,2000,23.6
Cabo Verde,cv,1,2025,2.6
Cabo Verde,cv,2,2025,30.7
Cabo Verde,cv,1,2020,3
Cabo Verde,cv,2,2020,26
Cabo Verde,cv,1,2015,3.5
Cabo Verde,cv,2,2015,22.2
Cabo Verde,cv,1,2012,3.9
Cabo Verde,cv,2,2012,20.2
Cabo Verde,cv,1,2010,4.1
Cabo Verde,cv,2,2010,19.1
Cabo Verde,cv,1,2005,4.9
Cabo Verde,cv,2,2005,16.5
Cabo Verde,cv,1,2000,5.9
Cabo Verde,cv,2,2000,14.4
Cambodia,kh,1,2025,1.4
Cambodia,kh,2,2025,41.1
Cambodia,kh,1,2020,2
Cambodia,kh,2,2020,42.5
Cambodia,kh,1,2015,2.8
Cambodia,kh,2,2015,44.1
Cambodia,kh,1,2012,3.5
Cambodia,kh,2,2012,45.2
Cambodia,kh,1,2010,4
Cambodia,kh,2,2010,46
Cambodia,kh,1,2005,5.7
Cambodia,kh,2,2005,48.4
Cambodia,kh,1,2000,8.1
Cambodia,kh,2,2000,51.2
Cameroon,cm,1,2025,0.9
Cameroon,cm,2,2025,87.2
Cameroon,cm,1,2020,0.9
Cameroon,cm,2,2020,65.9
Cameroon,cm,1,2015,0.9
Cameroon,cm,2,2015,43.8
Cameroon,cm,1,2012,0.9
Cameroon,cm,2,2012,33.7
Cameroon,cm,1,2010,0.9
Cameroon,cm,2,2010,28.5
Cameroon,cm,1,2005,0.9
Cameroon,cm,2,2005,18.7
Cameroon,cm,1,2000,0.9
Cameroon,cm,2,2000,12.3
Canada,ca,1,2025,7.3
Canada,ca,2,2025,12.6
Canada,ca,1,2020,9.4
Canada,ca,2,2020,14.8
Canada,ca,1,2015,12.2
Canada,ca,2,2015,17.7
Canada,ca,1,2012,14.2
Canada,ca,2,2012,19.5
Canada,ca,1,2010,15.8
Canada,ca,2,2010,20.9
Canada,ca,1,2005,20.4
Canada,ca,2,2005,24.8
Canada,ca,1,2000,26.5
Canada,ca,2,2000,29.4
Chile,cl,1,2025,32.1
Chile,cl,2,2025,35.2
Chile,cl,1,2020,34.1
Chile,cl,2,2020,37.6
Chile,cl,1,2015,36
Chile,cl,2,2015,40
Chile,cl,1,2012,37.4
Chile,cl,2,2012,41.7
Chile,cl,1,2010,38.3
Chile,cl,2,2010,42.8
Chile,cl,1,2005,40.8
Chile,cl,2,2005,46.2
Chile,cl,1,2000,43.6
Chile,cl,2,2000,49.9
China,cn,1,2025,1.1
China,cn,2,2025,43.8
China,cn,1,2020,1.4
China,cn,2,2020,45.7
China,cn,1,2015,1.8
China,cn,2,2015,47.6
China,cn,1,2012,2
China,cn,2,2012,49
China,cn,1,2010,2.2
China,cn,2,2010,50.1
China,cn,1,2005,2.8
China,cn,2,2005,52.9
China,cn,1,2000,3.5
China,cn,2,2000,55.8
Colombia,co,1,2025,4.4
Colombia,co,2,2025,12.4
Colombia,co,1,2020,5.2
Colombia,co,2,2020,14
Colombia,co,1,2015,6.2
Colombia,co,2,2015,16
Colombia,co,1,2012,6.9
Colombia,co,2,2012,17.2
Colombia,co,1,2010,7.4
Colombia,co,2,2010,18.3
Colombia,co,1,2005,8.8
Colombia,co,2,2005,21.1
Colombia,co,1,2000,10.6
Colombia,co,2,2000,24.5
Comoros,km,1,2025,3.5
Comoros,km,2,2025,19.7
Comoros,km,1,2020,4.6
Comoros,km,2,2020,21.2
Comoros,km,1,2015,6
Comoros,km,2,2015,23.1
Comoros,km,1,2012,7.1
Comoros,km,2,2012,24.4
Comoros,km,1,2010,7.9
Comoros,km,2,2010,25.2
Comoros,km,1,2005,10.5
Comoros,km,2,2005,27.7
Comoros,km,1,2000,14
Comoros,km,2,2000,30.6
Congo,cg,1,2025,1.9
Congo,cg,2,2025,92.9
Congo,cg,1,2020,1.8
Congo,cg,2,2020,69.6
Congo,cg,1,2015,1.7
Congo,cg,2,2015,43.2
Congo,cg,1,2012,1.7
Congo,cg,2,2012,32.1
Congo,cg,1,2010,1.7
Congo,cg,2,2010,26.4
Congo,cg,1,2005,1.6
Congo,cg,2,2005,16.2
Congo,cg,1,2000,1.6
Congo,cg,2,2000,10.1
Costa Rica,cr,1,2025,6.3
Costa Rica,cr,2,2025,14.8
Costa Rica,cr,1,2020,7.2
Costa Rica,cr,2,2020,16.5
Costa Rica,cr,1,2015,8.3
Costa Rica,cr,2,2015,18.5
Costa Rica,cr,1,2012,9.2
Costa Rica,cr,2,2012,19.8
Costa Rica,cr,1,2010,9.8
Costa Rica,cr,2,2010,20.9
Costa Rica,cr,1,2005,11.7
Costa Rica,cr,2,2005,23.7
Costa Rica,cr,1,2000,14.1
Costa Rica,cr,2,2000,27.5
Croatia,hr,1,2025,38.5
Croatia,hr,2,2025,39.3
Croatia,hr,1,2020,36.1
Croatia,hr,2,2020,39.3
Croatia,hr,1,2015,33.5
Croatia,hr,2,2015,39.4
Croatia,hr,1,2012,32.3
Croatia,hr,2,2012,39.4
Croatia,hr,1,2010,31.6
Croatia,hr,2,2010,39.4
Croatia,hr,1,2005,29.6
Croatia,hr,2,2005,39.8
Croatia,hr,1,2000,28
Croatia,hr,2,2000,40.3
Cuba,cu,1,2025,12.9
Cuba,cu,2,2025,52.1
Cuba,cu,1,2020,15.1
Cuba,cu,2,2020,52.6
Cuba,cu,1,2015,17.8
Cuba,cu,2,2015,52.7
Cuba,cu,1,2012,19.8
Cuba,cu,2,2012,53.2
Cuba,cu,1,2010,21.3
Cuba,cu,2,2010,53.2
Cuba,cu,1,2005,25.6
Cuba,cu,2,2005,54
Cuba,cu,1,2000,31.1
Cuba,cu,2,2000,54.7
Czech Republic,cz,1,2025,28.8
Czech Republic,cz,2,2025,35.7
Czech Republic,cz,1,2020,28.9
Czech Republic,cz,2,2020,36.5
Czech Republic,cz,1,2015,29
Czech Republic,cz,2,2015,37.4
Czech Republic,cz,1,2012,28.9
Czech Republic,cz,2,2012,38
Czech Republic,cz,1,2010,29.2
Czech Republic,cz,2,2010,38.5
Czech Republic,cz,1,2005,29.4
Czech Republic,cz,2,2005,39.5
Czech Republic,cz,1,2000,29.7
Czech Republic,cz,2,2000,40.7
Denmark,dk,1,2025,10.1
Denmark,dk,2,2025,10.2
Denmark,dk,1,2020,12.9
Denmark,dk,2,2020,13.4
Denmark,dk,1,2015,16.4
Denmark,dk,2,2015,17.6
Denmark,dk,1,2012,19
Denmark,dk,2,2012,21
Denmark,dk,1,2010,20.9
Denmark,dk,2,2010,23.4
Denmark,dk,1,2005,27
Denmark,dk,2,2005,31.1
Denmark,dk,1,2000,34.6
Denmark,dk,2,2000,41.6
Dominican Republic,do,1,2025,7.1
Dominican Republic,do,2,2025,17.6
Dominican Republic,do,1,2020,8.2
Dominican Republic,do,2,2020,18.1
Dominican Republic,do,1,2015,9.4
Dominican Republic,do,2,2015,18.8
Dominican Republic,do,1,2012,10.3
Dominican Republic,do,2,2012,19.1
Dominican Republic,do,1,2010,10.9
Dominican Republic,do,2,2010,19.5
Dominican Republic,do,1,2005,12.9
Dominican Republic,do,2,2005,20.4
Dominican Republic,do,1,2000,15.2
Dominican Republic,do,2,2000,21.7
Ecuador,ec,1,2025,2.5
Ecuador,ec,2,2025,11
Ecuador,ec,1,2020,2.8
Ecuador,ec,2,2020,12.3
Ecuador,ec,1,2015,3.3
Ecuador,ec,2,2015,14
Ecuador,ec,1,2012,3.6
Ecuador,ec,2,2012,15.1
Ecuador,ec,1,2010,3.8
Ecuador,ec,2,2010,15.9
Ecuador,ec,1,2005,4.5
Ecuador,ec,2,2005,18.4
Ecuador,ec,1,2000,5.3
Ecuador,ec,2,2000,21.4
Egypt,eg,1,2025,0.1
Egypt,eg,2,2025,63.1
Egypt,eg,1,2020,0.2
Egypt,eg,2,2020,56.3
Egypt,eg,1,2015,0.3
Egypt,eg,2,2015,49.9
Egypt,eg,1,2012,0.4
Egypt,eg,2,2012,45.9
Egypt,eg,1,2010,0.5
Egypt,eg,2,2010,43.9
Egypt,eg,1,2005,0.8
Egypt,eg,2,2005,39.3
Egypt,eg,1,2000,1.2
Egypt,eg,2,2000,35.5
Estonia,ee,1,2025,23.7
Estonia,ee,2,2025,34.2
Estonia,ee,1,2020,24.3
Estonia,ee,2,2020,37.5
Estonia,ee,1,2015,24.9
Estonia,ee,2,2015,41.2
Estonia,ee,1,2012,25.4
Estonia,ee,2,2012,43.6
Estonia,ee,1,2010,25.6
Estonia,ee,2,2010,45.2
Estonia,ee,1,2005,26.5
Estonia,ee,2,2005,49.9
Estonia,ee,1,2000,27.4
Estonia,ee,2,2000,55.3
Ethiopia,et,1,2025,0.4
Ethiopia,et,2,2025,9.1
Ethiopia,et,1,2020,0.5
Ethiopia,et,2,2020,9
Ethiopia,et,1,2015,0.5
Ethiopia,et,2,2015,8.9
Ethiopia,et,1,2012,0.5
Ethiopia,et,2,2012,8.9
Ethiopia,et,1,2010,0.5
Ethiopia,et,2,2010,9
Ethiopia,et,1,2005,0.6
Ethiopia,et,2,2005,9.1
Ethiopia,et,1,2000,0.6
Ethiopia,et,2,2000,9
Fiji,fj,1,2025,11.4
Fiji,fj,2,2025,33.3
Fiji,fj,1,2020,11.9
Fiji,fj,2,2020,35.8
Fiji,fj,1,2015,12.4
Fiji,fj,2,2015,38.7
Fiji,fj,1,2012,12.8
Fiji,fj,2,2012,40.6
Fiji,fj,1,2010,13.1
Fiji,fj,2,2010,42.3
Fiji,fj,1,2005,14.1
Fiji,fj,2,2005,46.4
Fiji,fj,1,2000,15.2
Fiji,fj,2,2000,52
Finland,fi,1,2025,15
Finland,fi,2,2025,18.3
Finland,fi,1,2020,16.7
Finland,fi,2,2020,20.6
Finland,fi,1,2015,18.5
Finland,fi,2,2015,23.2
Finland,fi,1,2012,19.6
Finland,fi,2,2012,25
Finland,fi,1,2010,20.6
Finland,fi,2,2010,26.3
Finland,fi,1,2005,22.8
Finland,fi,2,2005,29.9
Finland,fi,1,2000,25.7
Finland,fi,2,2000,33.8
France,fr,1,2025,24.4
France,fr,2,2025,25.7
France,fr,1,2020,24.9
France,fr,2,2020,27.7
France,fr,1,2015,25.6
France,fr,2,2015,29.8
France,fr,1,2012,25.8
France,fr,2,2012,31.1
France,fr,1,2010,26.2
France,fr,2,2010,32.1
France,fr,1,2005,26.8
France,fr,2,2005,34.8
France,fr,1,2000,27.8
France,fr,2,2000,37.7
Georgia,ge,1,2025,5.3
Georgia,ge,2,2025,54.8
Georgia,ge,1,2020,5.5
Georgia,ge,2,2020,56
Georgia,ge,1,2015,5.7
Georgia,ge,2,2015,57.7
Georgia,ge,1,2012,5.8
Georgia,ge,2,2012,58.6
Georgia,ge,1,2010,6
Georgia,ge,2,2010,59.6
Georgia,ge,1,2005,6.2
Georgia,ge,2,2005,61.4
Georgia,ge,1,2000,6.5
Georgia,ge,2,2000,63.4
Germany,de,1,2025,27
Germany,de,2,2025,29.1
Germany,de,1,2020,27.7
Germany,de,2,2020,30.7
Germany,de,1,2015,28.3
Germany,de,2,2015,32.4
Germany,de,1,2012,28.7
Germany,de,2,2012,33.6
Germany,de,1,2010,29
Germany,de,2,2010,34.3
Germany,de,1,2005,29.6
Germany,de,2,2005,36.1
Germany,de,1,2000,30.4
Germany,de,2,2000,38.4
Ghana,gh,1,2025,0.3
Ghana,gh,2,2025,17
Ghana,gh,1,2020,0.4
Ghana,gh,2,2020,14.9
Ghana,gh,1,2015,0.4
Ghana,gh,2,2015,13.1
Ghana,gh,1,2012,0.5
Ghana,gh,2,2012,12.1
Ghana,gh,1,2010,0.5
Ghana,gh,2,2010,11.6
Ghana,gh,1,2005,0.6
Ghana,gh,2,2005,10.3
Ghana,gh,1,2000,0.8
Ghana,gh,2,2000,9.2
Greece,gr,1,2025,28.3
Greece,gr,2,2025,47.7
Greece,gr,1,2020,30.2
Greece,gr,2,2020,49.7
Greece,gr,1,2015,32.7
Greece,gr,2,2015,52.6
Greece,gr,1,2012,34.2
Greece,gr,2,2012,54.3
Greece,gr,1,2010,35.2
Greece,gr,2,2010,55.6
Greece,gr,1,2005,38.6
Greece,gr,2,2005,59.3
Greece,gr,1,2000,42.4
Greece,gr,2,2000,63
Haiti,ht,1,2025,2
Haiti,ht,2,2025,25.8
Haiti,ht,1,2020,2.2
Haiti,ht,2,2020,23.7
Haiti,ht,1,2015,2.5
Haiti,ht,2,2015,22.1
Haiti,ht,1,2012,2.7
Haiti,ht,2,2012,21.2
Haiti,ht,1,2010,2.9
Haiti,ht,2,2010,20.7
Haiti,ht,1,2005,3.3
Haiti,ht,2,2005,19.4
Haiti,ht,1,2000,3.8
Haiti,ht,2,2000,18.4
Honduras,hn,1,2025,1.4
Honduras,hn,2,2025,23.8
Honduras,hn,1,2020,1.7
Honduras,hn,2,2020,27.8
Honduras,hn,1,2015,2.1
Honduras,hn,2,2015,33.3
Honduras,hn,1,2012,2.4
Honduras,hn,2,2012,37.2
Honduras,hn,1,2010,2.7
Honduras,hn,2,2010,40.3
Honduras,hn,1,2005,3.3
Honduras,hn,2,2005,49.2
Honduras,hn,1,2000,4.2
Honduras,hn,2,2000,60.2
Hungary,hu,1,2025,20.2
Hungary,hu,2,2025,25.3
Hungary,hu,1,2020,22.4
Hungary,hu,2,2020,28.3
Hungary,hu,1,2015,24.8
Hungary,hu,2,2015,32
Hungary,hu,1,2012,26.5
Hungary,hu,2,2012,34.5
Hungary,hu,1,2010,27.5
Hungary,hu,2,2010,35.9
Hungary,hu,1,2005,30.8
Hungary,hu,2,2005,40.6
Hungary,hu,1,2000,34.4
Hungary,hu,2,2000,46.1
Iceland,is,1,2025,10.6
Iceland,is,2,2025,11.3
Iceland,is,1,2020,12.6
Iceland,is,2,2020,13.7
Iceland,is,1,2015,15.1
Iceland,is,2,2015,17
Iceland,is,1,2012,16.9
Iceland,is,2,2012,19.3
Iceland,is,1,2010,18.1
Iceland,is,2,2010,21.1
Iceland,is,1,2005,22.1
Iceland,is,2,2005,26.5
Iceland,is,1,2000,27.1
Iceland,is,2,2000,33.5
India,in,1,2025,0.8
India,in,2,2025,14.7
India,in,1,2020,1.2
India,in,2,2020,17.2
India,in,1,2015,1.9
India,in,2,2015,20.4
India,in,1,2012,2.4
India,in,2,2012,22.8
India,in,1,2010,2.9
India,in,2,2010,24.4
India,in,1,2005,4.6
India,in,2,2005,29.5
India,in,1,2000,7.3
India,in,2,2000,35.9
Indonesia,id,1,2025,2.6
Indonesia,id,2,2025,87.2
Indonesia,id,1,2020,3
Indonesia,id,2,2020,82.7
Indonesia,id,1,2015,3.6
Indonesia,id,2,2015,76.2
Indonesia,id,1,2012,4
Indonesia,id,2,2012,71.8
Indonesia,id,1,2010,4.2
Indonesia,id,2,2010,68.4
Indonesia,id,1,2005,5
Indonesia,id,2,2005,62
Indonesia,id,1,2000,6
Indonesia,id,2,2000,56.2
Iran (Islamic Republic of),ir,1,2025,0.2
Iran (Islamic Republic of),ir,2,2025,17.7
Iran (Islamic Republic of),ir,1,2020,0.4
Iran (Islamic Republic of),ir,2,2020,19.4
Iran (Islamic Republic of),ir,1,2015,0.7
Iran (Islamic Republic of),ir,2,2015,21.5
Iran (Islamic Republic of),ir,1,2012,1.1
Iran (Islamic Republic of),ir,2,2012,22.9
Iran (Islamic Republic of),ir,1,2010,1.5
Iran (Islamic Republic of),ir,2,2010,23.8
Iran (Islamic Republic of),ir,1,2005,2.9
Iran (Islamic Republic of),ir,2,2005,26.8
Iran (Islamic Republic of),ir,1,2000,5.8
Iran (Islamic Republic of),ir,2,2000,30.2
Ireland,ie,1,2025,18
Ireland,ie,2,2025,17.8
Ireland,ie,1,2020,19.8
Ireland,ie,2,2020,20
Ireland,ie,1,2015,21.9
Ireland,ie,2,2015,22.4
Ireland,ie,1,2012,23.5
Ireland,ie,2,2012,24.2
Ireland,ie,1,2010,24.4
Ireland,ie,2,2010,25.5
Ireland,ie,1,2005,27.3
Ireland,ie,2,2005,28.9
Ireland,ie,1,2000,30.5
Ireland,ie,2,2000,33.1
Israel,il,1,2025,17.9
Israel,il,2,2025,41.1
Israel,il,1,2020,18.7
Israel,il,2,2020,41
Israel,il,1,2015,19.3
Israel,il,2,2015,41.2
Israel,il,1,2012,20.1
Israel,il,2,2012,41.7
Israel,il,1,2010,20.4
Israel,il,2,2010,41.8
Israel,il,1,2005,21.6
Israel,il,2,2005,42.5
Israel,il,1,2000,22.8
Israel,il,2,2000,43.6
Italy,it,1,2025,19.6
Italy,it,2,2025,25.8
Italy,it,1,2020,19.6
Italy,it,2,2020,26.9
Italy,it,1,2015,19.7
Italy,it,2,2015,28.3
Italy,it,1,2012,19.8
Italy,it,2,2012,29.1
Italy,it,1,2010,19.8
Italy,it,2,2010,29.7
Italy,it,1,2005,20.1
Italy,it,2,2005,31.2
Italy,it,1,2000,20.2
Italy,it,2,2000,32.9
Jamaica,jm,1,2025,4.6
Jamaica,jm,2,2025,31.7
Jamaica,jm,1,2020,5.2
Jamaica,jm,2,2020,30.7
Jamaica,jm,1,2015,5.9
Jamaica,jm,2,2015,29.9
Jamaica,jm,1,2012,6.4
Jamaica,jm,2,2012,29.5
Jamaica,jm,1,2010,6.7
Jamaica,jm,2,2010,29.3
Jamaica,jm,1,2005,7.8
Jamaica,jm,2,2005,28.9
Jamaica,jm,1,2000,8.9
Jamaica,jm,2,2000,29
Japan,jp,1,2025,8.7
Japan,jp,2,2025,25.5
Japan,jp,1,2020,9.6
Japan,jp,2,2020,29.2
Japan,jp,1,2015,10.6
Japan,jp,2,2015,33.7
Japan,jp,1,2012,11.3
Japan,jp,2,2012,36.3
Japan,jp,1,2010,11.7
Japan,jp,2,2010,38.4
Japan,jp,1,2005,13
Japan,jp,2,2005,44.4
Japan,jp,1,2000,14.4
Japan,jp,2,2000,51.3
Jordan,jo,1,2025,13.8
Jordan,jo,2,2025,86.5
Jordan,jo,1,2020,12.1
Jordan,jo,2,2020,80.4
Jordan,jo,1,2015,10.7
Jordan,jo,2,2015,70.2
Jordan,jo,1,2012,10
Jordan,jo,2,2012,63.6
Jordan,jo,1,2010,9.5
Jordan,jo,2,2010,58.9
Jordan,jo,1,2005,8.5
Jordan,jo,2,2005,49.6
Jordan,jo,1,2000,7.7
Jordan,jo,2,2000,42
Kazakhstan,kz,1,2025,8.2
Kazakhstan,kz,2,2025,37.2
Kazakhstan,kz,1,2020,8.7
Kazakhstan,kz,2,2020,40.3
Kazakhstan,kz,1,2015,9.3
Kazakhstan,kz,2,2015,43.9
Kazakhstan,kz,1,2012,9.7
Kazakhstan,kz,2,2012,46.3
Kazakhstan,kz,1,2010,9.9
Kazakhstan,kz,2,2010,47.8
Kazakhstan,kz,1,2005,10.6
Kazakhstan,kz,2,2005,52.2
Kazakhstan,kz,1,2000,11.5
Kazakhstan,kz,2,2000,57.4
Kenya,ke,1,2025,1.7
Kenya,ke,2,2025,21.4
Kenya,ke,1,2020,1.9
Kenya,ke,2,2020,22.9
Kenya,ke,1,2015,2.1
Kenya,ke,2,2015,24.6
Kenya,ke,1,2012,2.3
Kenya,ke,2,2012,25.7
Kenya,ke,1,2010,2.4
Kenya,ke,2,2010,26.3
Kenya,ke,1,2005,2.7
Kenya,ke,2,2005,28.5
Kenya,ke,1,2000,3
Kenya,ke,2,2000,31
Kiribati,ki,1,2025,36.8
Kiribati,ki,2,2025,54.9
Kiribati,ki,1,2020,38.8
Kiribati,ki,2,2020,59.1
Kiribati,ki,1,2015,40.9
Kiribati,ki,2,2015,63.9
Kiribati,ki,1,2012,42.6
Kiribati,ki,2,2012,67.3
Kiribati,ki,1,2010,43.7
Kiribati,ki,2,2010,69.3
Kiribati,ki,1,2005,47.1
Kiribati,ki,2,2005,75.9
Kiribati,ki,1,2000,51.1
Kiribati,ki,2,2000,82
Kyrgyzstan,kg,1,2025,3
Kyrgyzstan,kg,2,2025,50.4
Kyrgyzstan,kg,1,2020,3.3
Kyrgyzstan,kg,2,2020,50.3
Kyrgyzstan,kg,1,2015,3.6
Kyrgyzstan,kg,2,2015,50.4
Kyrgyzstan,kg,1,2012,3.8
Kyrgyzstan,kg,2,2012,50.2
Kyrgyzstan,kg,1,2010,3.9
Kyrgyzstan,kg,2,2010,50.4
Kyrgyzstan,kg,1,2005,4.4
Kyrgyzstan,kg,2,2005,50.3
Kyrgyzstan,kg,1,2000,4.8
Kyrgyzstan,kg,2,2000,51.1
Lao People's Democratic Republic,la,1,2025,5.4
Lao People's Democratic Republic,la,2,2025,48
Lao People's Democratic Republic,la,1,2020,7
Lao People's Democratic Republic,la,2,2020,51.9
Lao People's Democratic Republic,la,1,2015,9.1
Lao People's Democratic Republic,la,2,2015,56.6
Lao People's Democratic Republic,la,1,2012,10.7
Lao People's Democratic Republic,la,2,2012,59.8
Lao People's Democratic Republic,la,1,2010,11.9
Lao People's Democratic Republic,la,2,2010,61.7
Lao People's Democratic Republic,la,1,2005,15.7
Lao People's Democratic Republic,la,2,2005,67.6
Lao People's Democratic Republic,la,1,2000,20.7
Lao People's Democratic Republic,la,2,2000,74.2
Latvia,lv,1,2025,24.1
Latvia,lv,2,2025,44.4
Latvia,lv,1,2020,24.2
Latvia,lv,2,2020,46.5
Latvia,lv,1,2015,24.3
Latvia,lv,2,2015,48.9
Latvia,lv,1,2012,24.4
Latvia,lv,2,2012,50.5
Latvia,lv,1,2010,24.4
Latvia,lv,2,2010,51.6
Latvia,lv,1,2005,24.6
Latvia,lv,2,2005,53.9
Latvia,lv,1,2000,25
Latvia,lv,2,2000,57.1
Lebanon,lb,1,2025,37.7
Lebanon,lb,2,2025,55.4
Lebanon,lb,1,2020,34.1
Lebanon,lb,2,2020,50.2
Lebanon,lb,1,2015,31
Lebanon,lb,2,2015,45.4
Lebanon,lb,1,2012,29.4
Lebanon,lb,2,2012,43
Lebanon,lb,1,2010,28.3
Lebanon,lb,2,2010,41.7
Lebanon,lb,1,2005,26.2
Lebanon,lb,2,2005,38.3
Lebanon,lb,1,2000,24.3
Lebanon,lb,2,2000,35.4
Lesotho,ls,1,2025,0.4
Lesotho,ls,2,2025,73.6
Lesotho,ls,1,2020,0.4
Lesotho,ls,2,2020,64.3
Lesotho,ls,1,2015,0.4
Lesotho,ls,2,2015,55.1
Lesotho,ls,1,2012,0.4
Lesotho,ls,2,2012,50.1
Lesotho,ls,1,2010,0.5
Lesotho,ls,2,2010,47.2
Lesotho,ls,1,2005,0.5
Lesotho,ls,2,2005,40.7
Lesotho,ls,1,2000,0.6
Lesotho,ls,2,2000,35.2
Liberia,lr,1,2025,1.7
Liberia,lr,2,2025,37.2
Liberia,lr,1,2020,2
Liberia,lr,2,2020,32
Liberia,lr,1,2015,2.4
Liberia,lr,2,2015,27.6
Liberia,lr,1,2012,2.7
Liberia,lr,2,2012,25.4
Liberia,lr,1,2010,2.8
Liberia,lr,2,2010,23.9
Liberia,lr,1,2005,3.4
Liberia,lr,2,2005,21
Liberia,lr,1,2000,4.1
Liberia,lr,2,2000,18.4
Lithuania,lt,1,2025,23.6
Lithuania,lt,2,2025,31
Lithuania,lt,1,2020,22.9
Lithuania,lt,2,2020,34.2
Lithuania,lt,1,2015,22.2
Lithuania,lt,2,2015,38.1
Lithuania,lt,1,2012,21.9
Lithuania,lt,2,2012,40.5
Lithuania,lt,1,2010,21.8
Lithuania,lt,2,2010,42.3
Lithuania,lt,1,2005,21.3
Lithuania,lt,2,2005,47.3
Lithuania,lt,1,2000,20.9
Lithuania,lt,2,2000,53.1
Luxembourg,lu,1,2025,19.4
Luxembourg,lu,2,2025,21.8
Luxembourg,lu,1,2020,20.4
Luxembourg,lu,2,2020,23.8
Luxembourg,lu,1,2015,21.4
Luxembourg,lu,2,2015,25.8
Luxembourg,lu,1,2012,22.3
Luxembourg,lu,2,2012,27.4
Luxembourg,lu,1,2010,22.7
Luxembourg,lu,2,2010,28.4
Luxembourg,lu,1,2005,24.1
Luxembourg,lu,2,2005,31.1
Luxembourg,lu,1,2000,25.8
Luxembourg,lu,2,2000,34.3
Malawi,mw,1,2025,4.5
Malawi,mw,2,2025,21.8
Malawi,mw,1,2020,5.2
Malawi,mw,2,2020,23.5
Malawi,mw,1,2015,6
Malawi,mw,2,2015,25.4
Malawi,mw,1,2012,6.6
Malawi,mw,2,2012,26.6
Malawi,mw,1,2010,7
Malawi,mw,2,2010,27.6
Malawi,mw,1,2005,8.2
Malawi,mw,2,2005,30
Malawi,mw,1,2000,9.7
Malawi,mw,2,2000,32.8
Malaysia,my,1,2025,0.8
Malaysia,my,2,2025,37.8
Malaysia,my,1,2020,1.1
Malaysia,my,2,2020,40.2
Malaysia,my,1,2015,1.4
Malaysia,my,2,2015,43
Malaysia,my,1,2012,1.6
Malaysia,my,2,2012,44.9
Malaysia,my,1,2010,1.8
Malaysia,my,2,2010,46.2
Malaysia,my,1,2005,2.4
Malaysia,my,2,2005,50
Malaysia,my,1,2000,3.2
Malaysia,my,2,2000,54.8
Mali,ml,1,2025,2.8
Mali,ml,2,2025,55
Mali,ml,1,2020,3
Mali,ml,2,2020,45.1
Mali,ml,1,2015,3.2
Mali,ml,2,2015,36.8
Mali,ml,1,2012,3.4
Mali,ml,2,2012,32.6
Mali,ml,1,2010,3.5
Mali,ml,2,2010,30.3
Mali,ml,1,2005,3.7
Mali,ml,2,2005,24.9
Mali,ml,1,2000,4.1
Mali,ml,2,2000,20.6
Malta,mt,1,2025,17
Malta,mt,2,2025,25.9
Malta,mt,1,2020,18.6
Malta,mt,2,2020,27.7
Malta,mt,1,2015,20.2
Malta,mt,2,2015,29.7
Malta,mt,1,2012,21.5
Malta,mt,2,2012,31.5
Malta,mt,1,2010,22
Malta,mt,2,2010,32.5
Malta,mt,1,2005,24.3
Malta,mt,2,2005,35.4
Malta,mt,1,2000,26.9
Malta,mt,2,2000,38.8
Mauritania,mr,1,2025,2.8
Mauritania,mr,2,2025,64.9
Mauritania,mr,1,2020,3.2
Mauritania,mr,2,2020,54.3
Mauritania,mr,1,2015,3.7
Mauritania,mr,2,2015,44
Mauritania,mr,1,2012,4
Mauritania,mr,2,2012,38.9
Mauritania,mr,1,2010,4.2
Mauritania,mr,2,2010,35.8
Mauritania,mr,1,2005,4.9
Mauritania,mr,2,2005,29.2
Mauritania,mr,1,2000,5.7
Mauritania,mr,2,2000,23.9
Mauritius,mu,1,2025,2.6
Mauritius,mu,2,2025,37.2
Mauritius,mu,1,2020,2.9
Mauritius,mu,2,2020,38.6
Mauritius,mu,1,2015,3.3
Mauritius,mu,2,2015,40.1
Mauritius,mu,1,2012,3.5
Mauritius,mu,2,2012,41.3
Mauritius,mu,1,2010,3.7
Mauritius,mu,2,2010,42
Mauritius,mu,1,2005,4.2
Mauritius,mu,2,2005,44.1
Mauritius,mu,1,2000,4.8
Mauritius,mu,2,2000,46.6
Mexico,mx,1,2025,4.3
Mexico,mx,2,2025,14.5
Mexico,mx,1,2020,5.3
Mexico,mx,2,2020,17.3
Mexico,mx,1,2015,6.6
Mexico,mx,2,2015,20.8
Mexico,mx,1,2012,7.6
Mexico,mx,2,2012,23.3
Mexico,mx,1,2010,8.4
Mexico,mx,2,2010,25.1
Mexico,mx,1,2005,10.5
Mexico,mx,2,2005,30.2
Mexico,mx,1,2000,13.3
Mexico,mx,2,2000,36.6
Mongolia,mn,1,2025,3.8
Mongolia,mn,2,2025,43.5
Mongolia,mn,1,2020,4.5
Mongolia,mn,2,2020,45.4
Mongolia,mn,1,2015,5.3
Mongolia,mn,2,2015,47.7
Mongolia,mn,1,2012,5.8
Mongolia,mn,2,2012,49.3
Mongolia,mn,1,2010,6.3
Mongolia,mn,2,2010,50.3
Mongolia,mn,1,2005,7.5
Mongolia,mn,2,2005,53.6
Mongolia,mn,1,2000,9
Mongolia,mn,2,2000,56.9
Morocco,ma,1,2025,0.7
Morocco,ma,2,2025,57
Morocco,ma,1,2020,1
Morocco,ma,2,2020,51.3
Morocco,ma,1,2015,1.4
Morocco,ma,2,2015,45.4
Morocco,ma,1,2012,1.7
Morocco,ma,2,2012,42.5
Morocco,ma,1,2010,1.9
Morocco,ma,2,2010,40.6
Morocco,ma,1,2005,2.8
Morocco,ma,2,2005,36.4
Morocco,ma,1,2000,4
Morocco,ma,2,2000,33.1
Mozambique,mz,1,2025,5.2
Mozambique,mz,2,2025,26.4
Mozambique,mz,1,2020,5.5
Mozambique,mz,2,2020,28.8
Mozambique,mz,1,2015,5.9
Mozambique,mz,2,2015,31.4
Mozambique,mz,1,2012,6.2
Mozambique,mz,2,2012,33.4
Mozambique,mz,1,2010,6.4
Mozambique,mz,2,2010,34.8
Mozambique,mz,1,2005,6.9
Mozambique,mz,2,2005,38.5
Mozambique,mz,1,2000,7.6
Mozambique,mz,2,2000,42.7
Myanmar,mm,1,2025,3.8
Myanmar,mm,2,2025,22
Myanmar,mm,1,2020,4.9
Myanmar,mm,2,2020,26.2
Myanmar,mm,1,2015,6.4
Myanmar,mm,2,2015,31.6
Myanmar,mm,1,2012,7.7
Myanmar,mm,2,2012,35.2
Myanmar,mm,1,2010,8.6
Myanmar,mm,2,2010,38.3
Myanmar,mm,1,2005,11.6
Myanmar,mm,2,2005,46.4
Myanmar,mm,1,2000,15.8
Myanmar,mm,2,2000,56.6
Namibia,na,1,2025,9.8
Namibia,na,2,2025,47.4
Namibia,na,1,2020,10.5
Namibia,na,2,2020,42.9
Namibia,na,1,2015,11.4
Namibia,na,2,2015,38.9
Namibia,na,1,2012,12
Namibia,na,2,2012,36.4
Namibia,na,1,2010,12.3
Namibia,na,2,2010,35.1
Namibia,na,1,2005,13.4
Namibia,na,2,2005,31.9
Namibia,na,1,2000,14.7
Namibia,na,2,2000,29.3
Nauru,nr,1,2025,46.8
Nauru,nr,2,2025,36.9
Nauru,nr,1,2020,49.2
Nauru,nr,2,2020,39.5
Nauru,nr,1,2015,52
Nauru,nr,2,2015,43
Nauru,nr,1,2012,53.7
Nauru,nr,2,2012,45.4
Nauru,nr,1,2010,55.5
Nauru,nr,2,2010,46.9
Nauru,nr,1,2005,59.3
Nauru,nr,2,2005,51.6
Nauru,nr,1,2000,63.9
Nauru,nr,2,2000,57
Nepal,np,1,2025,5.3
Nepal,np,2,2025,32.9
Nepal,np,1,2020,7.7
Nepal,np,2,2020,34.7
Nepal,np,1,2015,11.1
Nepal,np,2,2015,37.1
Nepal,np,1,2012,13.9
Nepal,np,2,2012,38.7
Nepal,np,1,2010,16.1
Nepal,np,2,2010,39.7
Nepal,np,1,2005,23.5
Nepal,np,2,2005,42.5
Nepal,np,1,2000,34.3
Nepal,np,2,2000,45.6
Netherlands,nl,1,2025,20.4
Netherlands,nl,2,2025,20.6
Netherlands,nl,1,2020,22.1
Netherlands,nl,2,2020,22.9
Netherlands,nl,1,2015,23.9
Netherlands,nl,2,2015,26.2
Netherlands,nl,1,2012,24.7
Netherlands,nl,2,2012,27.5
Netherlands,nl,1,2010,25.9
Netherlands,nl,2,2010,29.4
Netherlands,nl,1,2005,28.1
Netherlands,nl,2,2005,32.7
Netherlands,nl,1,2000,30.7
Netherlands,nl,2,2000,36.7
Niger,ne,1,2025,0.1
Niger,ne,2,2025,31
Niger,ne,1,2020,0.2
Niger,ne,2,2020,24
Niger,ne,1,2015,0.2
Niger,ne,2,2015,18.6
Niger,ne,1,2012,0.2
Niger,ne,2,2012,15.9
Niger,ne,1,2010,0.2
Niger,ne,2,2010,14.4
Niger,ne,1,2005,0.3
Niger,ne,2,2005,11.3
Niger,ne,1,2000,0.3
Niger,ne,2,2000,9
Nigeria,ng,1,2025,0.7
Nigeria,ng,2,2025,23.8
Nigeria,ng,1,2020,0.9
Nigeria,ng,2,2020,20.2
Nigeria,ng,1,2015,1.1
Nigeria,ng,2,2015,17.4
Nigeria,ng,1,2012,1.2
Nigeria,ng,2,2012,15.9
Nigeria,ng,1,2010,1.3
Nigeria,ng,2,2010,15
Nigeria,ng,1,2005,1.6
Nigeria,ng,2,2005,13
Nigeria,ng,1,2000,2
Nigeria,ng,2,2000,11.3
Niue,nu,1,2025,9.5
Niue,nu,2,2025,16.2
Niue,nu,1,2020,10.3
Niue,nu,2,2020,18.2
Niue,nu,1,2015,11.4
Niue,nu,2,2015,20.3
Niue,nu,1,2012,12
Niue,nu,2,2012,21.9
Niue,nu,1,2010,12.5
Niue,nu,2,2010,23.2
Niue,nu,1,2005,14
Niue,nu,2,2005,26.5
Niue,nu,1,2000,15.7
Niue,nu,2,2000,30.6
Norway,no,1,2025,14.7
Norway,no,2,2025,14.4
Norway,no,1,2020,18.1
Norway,no,2,2020,17.9
Norway,no,1,2015,22.1
Norway,no,2,2015,22.4
Norway,no,1,2012,24.9
Norway,no,2,2012,25.5
Norway,no,1,2010,27.1
Norway,no,2,2010,28
Norway,no,1,2005,33.4
Norway,no,2,2005,34.7
Norway,no,1,2000,41
Norway,no,2,2000,43.1
Oman,om,1,2025,1.3
Oman,om,2,2025,30.8
Oman,om,1,2020,1.1
Oman,om,2,2020,25.4
Oman,om,1,2015,1
Oman,om,2,2015,21
Oman,om,1,2012,1
Oman,om,2,2012,18.9
Oman,om,1,2010,1
Oman,om,2,2010,17.5
Oman,om,1,2005,0.9
Oman,om,2,2005,14.8
Oman,om,1,2000,0.8
Oman,om,2,2000,12.5
Pakistan,pk,1,2025,1.6
Pakistan,pk,2,2025,46.3
Pakistan,pk,1,2020,2.1
Pakistan,pk,2,2020,43.9
Pakistan,pk,1,2015,3
Pakistan,pk,2,2015,41.9
Pakistan,pk,1,2012,3.6
Pakistan,pk,2,2012,40.6
Pakistan,pk,1,2010,4.2
Pakistan,pk,2,2010,40.2
Pakistan,pk,1,2005,5.9
Pakistan,pk,2,2005,38.5
Pakistan,pk,1,2000,8.4
Pakistan,pk,2,2000,37.4
Panama,pa,1,2025,1.7
Panama,pa,2,2025,6.1
Panama,pa,1,2020,2.1
Panama,pa,2,2020,8
Panama,pa,1,2015,2.6
Panama,pa,2,2015,10.6
Panama,pa,1,2012,2.9
Panama,pa,2,2012,12.5
Panama,pa,1,2010,3.2
Panama,pa,2,2010,14.1
Panama,pa,1,2005,4.1
Panama,pa,2,2005,18.9
Panama,pa,1,2000,5.2
Panama,pa,2,2000,25.5
Paraguay,py,1,2025,5.4
Paraguay,py,2,2025,21
Paraguay,py,1,2020,6.5
Paraguay,py,2,2020,24.4
Paraguay,py,1,2015,7.9
Paraguay,py,2,2015,28.3
Paraguay,py,1,2012,9
Paraguay,py,2,2012,31.3
Paraguay,py,1,2010,9.7
Paraguay,py,2,2010,33.1
Paraguay,py,1,2005,12
Paraguay,py,2,2005,39
Paraguay,py,1,2000,14.9
Paraguay,py,2,2000,46.2
Peru,pe,1,2025,4.3
Peru,pe,1,2020,5
Peru,pe,1,2015,5.9
Peru,pe,1,2012,6.5
Peru,pe,1,2010,6.9
Peru,pe,1,2005,8.2
Peru,pe,1,2000,9.7
Philippines,ph,1,2025,6.5
Philippines,ph,2,2025,35.6
Philippines,ph,1,2020,7.4
Philippines,ph,2,2020,39
Philippines,ph,1,2015,8.5
Philippines,ph,2,2015,43
Philippines,ph,1,2012,9.2
Philippines,ph,2,2012,45.8
Philippines,ph,1,2010,9.7
Philippines,ph,2,2010,47.6
Philippines,ph,1,2005,11.2
Philippines,ph,2,2005,53.2
Philippines,ph,1,2000,12.9
Philippines,ph,2,2000,59.1
Poland,po,1,2025,17.8
Poland,po,2,2025,26
Poland,po,1,2020,20.6
Poland,po,2,2020,28.9
Poland,po,1,2015,23.7
Poland,po,2,2015,32.4
Poland,po,1,2012,26.1
Poland,po,2,2012,34.9
Poland,po,1,2010,27.7
Poland,po,2,2010,36.5
Poland,po,1,2005,32.2
Poland,po,2,2005,41.1
Poland,po,1,2000,37.9
Poland,po,2,2000,46.9
Portugal,pt,1,2025,12.9
Portugal,pt,2,2025,29.3
Portugal,pt,1,2020,13.2
Portugal,pt,2,2020,30.3
Portugal,pt,1,2015,13.7
Portugal,pt,2,2015,31.5
Portugal,pt,1,2012,14
Portugal,pt,2,2012,32.4
Portugal,pt,1,2010,14.2
Portugal,pt,2,2010,32.9
Portugal,pt,1,2005,14.9
Portugal,pt,2,2005,34.5
Portugal,pt,1,2000,15.7
Portugal,pt,2,2000,36.1
Republic of Korea,kr,1,2025,3.6
Republic of Korea,kr,2,2025,44
Republic of Korea,kr,1,2020,3.8
Republic of Korea,kr,2,2020,46.9
Republic of Korea,kr,1,2015,4.2
Republic of Korea,kr,2,2015,49.8
Republic of Korea,kr,1,2012,4.4
Republic of Korea,kr,2,2012,51.7
Republic of Korea,kr,1,2010,4.6
Republic of Korea,kr,2,2010,53.3
Republic of Korea,kr,1,2005,5
Republic of Korea,kr,2,2005,57
Republic of Korea,kr,1,2000,5.6
Republic of Korea,kr,2,2000,61.5
Republic of Moldova,md,1,2025,5.4
Republic of Moldova,md,2,2025,49.8
Republic of Moldova,md,1,2020,5.4
Republic of Moldova,md,2,2020,47.8
Republic of Moldova,md,1,2015,5.4
Republic of Moldova,md,2,2015,45.7
Republic of Moldova,md,1,2012,5.4
Republic of Moldova,md,2,2012,44.6
Republic of Moldova,md,1,2010,5.4
Republic of Moldova,md,2,2010,44.1
Republic of Moldova,md,1,2005,5.4
Republic of Moldova,md,2,2005,42.1
Republic of Moldova,md,1,2000,5.5
Republic of Moldova,md,2,2000,40.7
Romania,ro,1,2025,20.1
Romania,ro,2,2025,29.8
Romania,ro,1,2020,21.3
Romania,ro,2,2020,33.1
Romania,ro,1,2015,22.7
Romania,ro,2,2015,36.9
Romania,ro,1,2012,23.4
Romania,ro,2,2012,39.5
Romania,ro,1,2010,23.9
Romania,ro,2,2010,41.4
Romania,ro,1,2005,25.6
Romania,ro,2,2005,46.6
Romania,ro,1,2000,27.4
Romania,ro,2,2000,52.8
Russian Federation,ru,1,2025,24
Russian Federation,ru,2,2025,54.6
Russian Federation,ru,1,2020,23.4
Russian Federation,ru,2,2020,56.8
Russian Federation,ru,1,2015,22.8
Russian Federation,ru,2,2015,59
Russian Federation,ru,1,2012,22.5
Russian Federation,ru,2,2012,60.3
Russian Federation,ru,1,2010,22.4
Russian Federation,ru,2,2010,61.2
Russian Federation,ru,1,2005,22.1
Russian Federation,ru,2,2005,64
Russian Federation,ru,1,2000,21.8
Russian Federation,ru,2,2000,67.2
Rwanda,rw,1,2025,5
Rwanda,rw,1,2020,5.2
Rwanda,rw,1,2015,5.5
Rwanda,rw,1,2012,5.7
Rwanda,rw,1,2010,5.8
Rwanda,rw,1,2005,6.3
Rwanda,rw,1,2000,6.7
Samoa,ws,1,2025,15.9
Samoa,ws,2,2025,31.6
Samoa,ws,1,2020,17.3
Samoa,ws,2,2020,35.9
Samoa,ws,1,2015,18.9
Samoa,ws,2,2015,41
Samoa,ws,1,2012,20.1
Samoa,ws,2,2012,44.8
Samoa,ws,1,2010,20.9
Samoa,ws,2,2010,47.4
Samoa,ws,1,2005,23.3
Samoa,ws,2,2005,54.9
Samoa,ws,1,2000,26
Samoa,ws,2,2000,63.4
Saudi Arabia,sa,1,2025,2.6
Saudi Arabia,sa,2,2025,35.5
Saudi Arabia,sa,1,2020,2.7
Saudi Arabia,sa,2,2020,31.4
Saudi Arabia,sa,1,2015,2.9
Saudi Arabia,sa,2,2015,27.9
Saudi Arabia,sa,1,2012,3
Saudi Arabia,sa,2,2012,26.3
Saudi Arabia,sa,1,2010,3
Saudi Arabia,sa,2,2010,24.9
Saudi Arabia,sa,1,2005,3.3
Saudi Arabia,sa,2,2005,22.3
Saudi Arabia,sa,1,2000,3.5
Saudi Arabia,sa,2,2000,20.2
Senegal,sn,1,2025,0.5
Senegal,sn,2,2025,28.7
Senegal,sn,1,2020,0.6
Senegal,sn,2,2020,25.8
Senegal,sn,1,2015,0.7
Senegal,sn,2,2015,23.4
Senegal,sn,1,2012,0.8
Senegal,sn,2,2012,22.1
Senegal,sn,1,2010,0.9
Senegal,sn,2,2010,21.2
Senegal,sn,1,2005,1.1
Senegal,sn,2,2005,19.2
Senegal,sn,1,2000,1.4
Senegal,sn,2,2000,17.6
Serbia,rs,1,2025,38.9
Serbia,rs,2,2025,37.9
Serbia,rs,1,2020,39.3
Serbia,rs,2,2020,40.6
Serbia,rs,1,2015,39.7
Serbia,rs,2,2015,43.6
Serbia,rs,1,2012,39.8
Serbia,rs,2,2012,45.5
Serbia,rs,1,2010,40.2
Serbia,rs,2,2010,46.8
Serbia,rs,1,2005,40.6
Serbia,rs,2,2005,50.4
Serbia,rs,1,2000,41.2
Serbia,rs,2,2000,54.6
Seychelles,sc,1,2025,7.6
Seychelles,sc,2,2025,40.9
Seychelles,sc,1,2020,8.2
Seychelles,sc,2,2020,42.1
Seychelles,sc,1,2015,8.8
Seychelles,sc,2,2015,43
Seychelles,sc,1,2012,9.2
Seychelles,sc,2,2012,44
Seychelles,sc,1,2010,9.5
Seychelles,sc,2,2010,44.8
Seychelles,sc,1,2005,10.3
Seychelles,sc,2,2005,46.2
Seychelles,sc,1,2000,11.2
Seychelles,sc,2,2000,48.1
Sierra Leone,sl,1,2025,8.7
Sierra Leone,sl,2,2025,76.2
Sierra Leone,sl,1,2020,10.2
Sierra Leone,sl,2,2020,68.6
Sierra Leone,sl,1,2015,12
Sierra Leone,sl,2,2015,60
Sierra Leone,sl,1,2012,13.4
Sierra Leone,sl,2,2012,55
Sierra Leone,sl,1,2010,14.4
Sierra Leone,sl,2,2010,52.1
Sierra Leone,sl,1,2005,17.2
Sierra Leone,sl,2,2005,45.6
Sierra Leone,sl,1,2000,20.9
Sierra Leone,sl,2,2000,40.1
Singapore,sg,1,2025,4.7
Singapore,sg,2,2025,28.8
Singapore,sg,1,2020,4.9
Singapore,sg,2,2020,28.3
Singapore,sg,1,2015,5
Singapore,sg,2,2015,28
Singapore,sg,1,2012,5.2
Singapore,sg,2,2012,27.7
Singapore,sg,1,2010,5.3
Singapore,sg,2,2010,27.6
Singapore,sg,1,2005,5.5
Singapore,sg,2,2005,27.5
Singapore,sg,1,2000,5.8
Singapore,sg,2,2000,27.4
Slovakia,sk,1,2025,15.9
Slovakia,sk,2,2025,37
Slovakia,sk,1,2020,16.8
Slovakia,sk,2,2020,38.1
Slovakia,sk,1,2015,17.6
Slovakia,sk,2,2015,39.7
Slovakia,sk,1,2012,18.1
Slovakia,sk,2,2012,40.7
Slovakia,sk,1,2010,18.6
Slovakia,sk,2,2010,41.4
Slovakia,sk,1,2005,19.9
Slovakia,sk,2,2005,43.7
Slovakia,sk,1,2000,21.4
Slovakia,sk,2,2000,46.2
Slovenia,si,1,2025,15.9
Slovenia,si,2,2025,18.7
Slovenia,si,1,2020,17
Slovenia,si,2,2020,20.4
Slovenia,si,1,2015,18.1
Slovenia,si,2,2015,22.3
Slovenia,si,1,2012,18.9
Slovenia,si,2,2012,23.6
Slovenia,si,1,2010,19.5
Slovenia,si,2,2010,24.6
Slovenia,si,1,2005,21
Slovenia,si,2,2005,27
Slovenia,si,1,2000,22.6
Slovenia,si,2,2000,29.9
South Africa,za,1,2025,4.2
South Africa,za,2,2025,29.6
South Africa,za,1,2020,5.2
South Africa,za,2,2020,30.4
South Africa,za,1,2015,6.5
South Africa,za,2,2015,31.4
South Africa,za,1,2012,7.4
South Africa,za,2,2012,32.1
South Africa,za,1,2010,8
South Africa,za,2,2010,32.5
South Africa,za,1,2005,10
South Africa,za,2,2005,33.9
South Africa,za,1,2000,12.5
South Africa,za,2,2000,35.3
Spain,es,1,2025,24.4
Spain,es,2,2025,24.8
Spain,es,1,2020,25.7
Spain,es,2,2020,28
Spain,es,1,2015,27.1
Spain,es,2,2015,31.3
Spain,es,1,2012,28
Spain,es,2,2012,33.7
Spain,es,1,2010,28.6
Spain,es,2,2010,35.3
Spain,es,1,2005,30.4
Spain,es,2,2005,39.8
Spain,es,1,2000,32.3
Spain,es,2,2000,45.2
Sri Lanka,lk,1,2025,0.1
Sri Lanka,lk,2,2025,27.8
Sri Lanka,lk,1,2020,0.2
Sri Lanka,lk,2,2020,28.1
Sri Lanka,lk,1,2015,0.4
Sri Lanka,lk,2,2015,28.4
Sri Lanka,lk,1,2012,0.5
Sri Lanka,lk,2,2012,28.8
Sri Lanka,lk,1,2010,0.6
Sri Lanka,lk,2,2010,29.3
Sri Lanka,lk,1,2005,1.1
Sri Lanka,lk,2,2005,30.2
Sri Lanka,lk,1,2000,1.9
Sri Lanka,lk,2,2000,31.5
Swaziland,sz,1,2025,1.8
Swaziland,sz,2,2025,21.8
Swaziland,sz,1,2020,2
Swaziland,sz,2,2020,20.3
Swaziland,sz,1,2015,2.2
Swaziland,sz,2,2015,19
Swaziland,sz,1,2012,2.4
Swaziland,sz,2,2012,18.2
Swaziland,sz,1,2010,2.5
Swaziland,sz,2,2010,17.8
Swaziland,sz,1,2005,2.8
Swaziland,sz,2,2005,16.8
Swaziland,sz,1,2000,3.2
Swaziland,sz,2,2000,15.9
Sweden,sw,1,2025,14.9
Sweden,sw,2,2025,15
Sweden,sw,1,2020,17.6
Sweden,sw,2,2020,17.5
Sweden,sw,1,2015,20.8
Sweden,sw,2,2015,20.4
Sweden,sw,1,2012,23
Sweden,sw,2,2012,22.3
Sweden,sw,1,2010,24.5
Sweden,sw,2,2010,23.8
Sweden,sw,1,2005,29.1
Sweden,sw,2,2005,27.7
Sweden,sw,1,2000,34.6
Sweden,sw,2,2000,32.6
Switzerland,ch,1,2025,16.5
Switzerland,ch,2,2025,22.7
Switzerland,ch,1,2020,18.1
Switzerland,ch,2,2020,24.7
Switzerland,ch,1,2015,19.7
Switzerland,ch,2,2015,26.9
Switzerland,ch,1,2012,20.9
Switzerland,ch,2,2012,28.3
Switzerland,ch,1,2010,21.7
Switzerland,ch,2,2010,29.2
Switzerland,ch,1,2005,23.8
Switzerland,ch,2,2005,31.8
Switzerland,ch,1,2000,26.1
Switzerland,ch,2,2000,35
Thailand,th,1,2025,1.9
Thailand,th,2,2025,38.3
Thailand,th,1,2020,2.1
Thailand,th,2,2020,39.7
Thailand,th,1,2015,2.3
Thailand,th,2,2015,41.4
Thailand,th,1,2012,2.4
Thailand,th,2,2012,42.3
Thailand,th,1,2010,2.5
Thailand,th,2,2010,43.2
Thailand,th,1,2005,2.8
Thailand,th,2,2005,44.9
Thailand,th,1,2000,3.1
Thailand,th,2,2000,46.6
Tonga,to,1,2025,11.9
Tonga,to,2,2025,44
Tonga,to,1,2020,12.4
Tonga,to,2,2020,45.6
Tonga,to,1,2015,13
Tonga,to,2,2015,47.3
Tonga,to,1,2012,13.3
Tonga,to,2,2012,48.4
Tonga,to,1,2010,13.6
Tonga,to,2,2010,49.3
Tonga,to,1,2005,14.3
Tonga,to,2,2005,51.8
Tonga,to,1,2000,15.1
Tonga,to,2,2000,54.4
Turkey,tr,1,2025,9.2
Turkey,tr,2,2025,30.7
Turkey,tr,1,2020,10.6
Turkey,tr,2,2020,34.7
Turkey,tr,1,2015,12.4
Turkey,tr,2,2015,39.5
Turkey,tr,1,2012,13.5
Turkey,tr,2,2012,42.7
Turkey,tr,1,2010,14.4
Turkey,tr,2,2010,45
Turkey,tr,1,2005,16.7
Turkey,tr,2,2005,51.5
Turkey,tr,1,2000,19.7
Turkey,tr,2,2000,58.7
Uganda,ug,1,2025,2.1
Uganda,ug,2,2025,11.8
Uganda,ug,1,2020,2.4
Uganda,ug,2,2020,13.8
Uganda,ug,1,2015,2.9
Uganda,ug,2,2015,16.4
Uganda,ug,1,2012,3.2
Uganda,ug,2,2012,18.1
Uganda,ug,1,2010,3.4
Uganda,ug,2,2010,19.3
Uganda,ug,1,2005,4
Uganda,ug,2,2005,23.1
Uganda,ug,1,2000,4.8
Uganda,ug,2,2000,27.5
Ukraine,ua,1,2025,13
Ukraine,ua,2,2025,43.6
Ukraine,ua,1,2020,13.5
Ukraine,ua,2,2020,46.3
Ukraine,ua,1,2015,14
Ukraine,ua,2,2015,49.4
Ukraine,ua,1,2012,14.4
Ukraine,ua,2,2012,51.4
Ukraine,ua,1,2010,14.6
Ukraine,ua,2,2010,52.6
Ukraine,ua,1,2005,15.1
Ukraine,ua,2,2005,56.4
Ukraine,ua,1,2000,15.9
Ukraine,ua,2,2000,60.2
United Kingdom of Great Britain and Northern Ireland,gb,1,2025,13.7
United Kingdom of Great Britain and Northern Ireland,gb,2,2025,15
United Kingdom of Great Britain and Northern Ireland,gb,1,2020,15.9
United Kingdom of Great Britain and Northern Ireland,gb,2,2020,17.3
United Kingdom of Great Britain and Northern Ireland,gb,1,2015,18.4
United Kingdom of Great Britain and Northern Ireland,gb,2,2015,19.9
United Kingdom of Great Britain and Northern Ireland,gb,1,2012,20.1
United Kingdom of Great Britain and Northern Ireland,gb,2,2012,21.8
United Kingdom of Great Britain and Northern Ireland,gb,1,2010,21.4
United Kingdom of Great Britain and Northern Ireland,gb,2,2010,23
United Kingdom of Great Britain and Northern Ireland,gb,1,2005,24.7
United Kingdom of Great Britain and Northern Ireland,gb,2,2005,26.8
United Kingdom of Great Britain and Northern Ireland,gb,1,2000,28.9
United Kingdom of Great Britain and Northern Ireland,gb,2,2000,31.3
United Republic of Tanzania,tz,1,2025,3.2
United Republic of Tanzania,tz,2,2025,23.2
United Republic of Tanzania,tz,1,2020,3.5
United Republic of Tanzania,tz,2,2020,25.1
United Republic of Tanzania,tz,1,2015,3.8
United Republic of Tanzania,tz,2,2015,27.5
United Republic of Tanzania,tz,1,2012,4
United Republic of Tanzania,tz,2,2012,29.2
United Republic of Tanzania,tz,1,2010,4.1
United Republic of Tanzania,tz,2,2010,30.3
United Republic of Tanzania,tz,1,2005,4.5
United Republic of Tanzania,tz,2,2005,33.8
United Republic of Tanzania,tz,1,2000,4.9
United Republic of Tanzania,tz,2,2000,37.6
United States of America,us,1,2025,11.4
United States of America,us,2,2025,15.4
United States of America,us,1,2020,13
United States of America,us,2,2020,17.4
United States of America,us,1,2015,15
United States of America,us,2,2015,19.5
United States of America,us,1,2012,16.3
United States of America,us,2,2012,21
United States of America,us,1,2010,17.3
United States of America,us,2,2010,22
United States of America,us,1,2005,19.9
United States of America,us,2,2005,24.7
United States of America,us,1,2000,23
United States of America,us,2,2000,27.7
Uruguay,uy,1,2025,12.8
Uruguay,uy,2,2025,18.3
Uruguay,uy,1,2020,15.7
Uruguay,uy,2,2020,22
Uruguay,uy,1,2015,19.4
Uruguay,uy,2,2015,26.7
Uruguay,uy,1,2012,22
Uruguay,uy,2,2012,30
Uruguay,uy,1,2010,24
Uruguay,uy,2,2010,32.3
Uruguay,uy,1,2005,29.6
Uruguay,uy,2,2005,39.6
Uruguay,uy,1,2000,36.7
Uruguay,uy,2,2000,48.1
Uzbekistan,uz,1,2025,1.2
Uzbekistan,uz,2,2025,22.7
Uzbekistan,uz,1,2020,1.2
Uzbekistan,uz,2,2020,23.8
Uzbekistan,uz,1,2015,1.3
Uzbekistan,uz,2,2015,24.9
Uzbekistan,uz,1,2012,1.3
Uzbekistan,uz,2,2012,25.9
Uzbekistan,uz,1,2010,1.4
Uzbekistan,uz,2,2010,26.5
Uzbekistan,uz,1,2005,1.5
Uzbekistan,uz,2,2005,28.1
Uzbekistan,uz,1,2000,1.5
Uzbekistan,uz,2,2000,30.1
Viet Nam,vd,1,2025,1
Viet Nam,vd,2,2025,45.6
Viet Nam,vd,1,2020,1.1
Viet Nam,vd,2,2020,46.2
Viet Nam,vd,1,2015,1.3
Viet Nam,vd,2,2015,47.1
Viet Nam,vd,1,2012,1.4
Viet Nam,vd,2,2012,47.6
Viet Nam,vd,1,2010,1.4
Viet Nam,vd,2,2010,48.3
Viet Nam,vd,1,2005,1.6
Viet Nam,vd,2,2005,49.5
Viet Nam,vd,1,2000,1.9
Viet Nam,vd,2,2000,51.1
Zambia,zm,1,2025,3.9
Zambia,zm,2,2025,24.8
Zambia,zm,1,2020,4.2
Zambia,zm,2,2020,25.5
Zambia,zm,1,2015,4.6
Zambia,zm,2,2015,26.5
Zambia,zm,1,2012,4.8
Zambia,zm,2,2012,27.3
Zambia,zm,1,2010,5
Zambia,zm,2,2010,27.8
Zambia,zm,1,2005,5.5
Zambia,zm,2,2005,29.3
Zambia,zm,1,2000,6.1
Zambia,zm,2,2000,31
Zimbabwe,zw,1,2025,1.7
Zimbabwe,zw,2,2025,30.3
Zimbabwe,zw,1,2020,1.9
Zimbabwe,zw,2,2020,30.6
Zimbabwe,zw,1,2015,2.1
Zimbabwe,zw,2,2015,31.2
Zimbabwe,zw,1,2012,2.3
Zimbabwe,zw,2,2012,31.5
Zimbabwe,zw,1,2010,2.4
Zimbabwe,zw,2,2010,31.8
Zimbabwe,zw,1,2005,2.7
Zimbabwe,zw,2,2005,32.5
Zimbabwe,zw,1,2000,3.1
Zimbabwe,zw,2,2000,33.5
